Rating,Title,Date,Verified Purchase,Body,Helpful Votes
5,Brilliant,Saptarshi Ganguly,No,Awesome book and thanks to flipkart for free and fast delivery.READ MORE,2
5,Awesome,Flipkart Customer,No,Lots of programming examplesREAD MORE,2
5,Super!,Partha Pratim  Mazumdar,No,nice bookREAD MORE,2
3,Decent product,Flipkart Customer,No,Nice book for a beginner in the world of codingREAD MORE,1
5,Terrific,Sayan Basu,No,this an excellent book.....READ MORE,1
4,Wonderful,Flipkart Customer,No,very niceREAD MORE,0
5,Super!,Pratik,No,very good book start with very basic conceptsREAD MORE,0
5,Mind-blowing purchase,Mehboob  Khan,No,Good packing. Good service at low price tqs flipkartREAD MORE,0
5,Mind-blowing purchase,Jali  Sarkar,No,thanksREAD MORE,0
None,Not good,sagar roy,No,this book is only going to confuse u .....topics are not arranged. not defined.READ MORE,0
Rating,Title,Date,Verified Purchase,Body,Helpful Votes
5,Brilliant,Saptarshi Ganguly,No,Awesome book and thanks to flipkart for free and fast delivery.READ MORE,2
5,Awesome,Flipkart Customer,No,Lots of programming examplesREAD MORE,2
5,Super!,Partha Pratim  Mazumdar,No,nice bookREAD MORE,2
3,Decent product,Flipkart Customer,No,Nice book for a beginner in the world of codingREAD MORE,1
5,Terrific,Sayan Basu,No,this an excellent book.....READ MORE,1
4,Wonderful,Flipkart Customer,No,very niceREAD MORE,0
5,Super!,Pratik,No,very good book start with very basic conceptsREAD MORE,0
5,Mind-blowing purchase,Mehboob  Khan,No,Good packing. Good service at low price tqs flipkartREAD MORE,0
5,Mind-blowing purchase,Jali  Sarkar,No,thanksREAD MORE,0
None,Not good,sagar roy,No,this book is only going to confuse u .....topics are not arranged. not defined.READ MORE,0
5,Must buy!,SURESH SURESH,No,nice book I like itREAD MORE,0
5,Awesome,Anjana Devi S,No,good book for fresher...READ MORE,0
Rating,Title,Date,Verified Purchase,Body,Helpful Votes
5,Highly recommended,SUBHAJIT DAS,No,"This book is best for UPSC and WBCS,but the delivery is too late.READ MORE",7
5,Just wow!,Ankita Chakraborty,No,Go for the updated 6th version..READ MORE,1
5,Best in the market!,Vikram Bhambhu,No,Delivery on time.. original book..paper quality superb..Price is less than market book shops.Updated version.I recommend every UPSC aspirant to buy this book. Thanks Flipkart.READ MORE,3
5,Brilliant,Ruturaj  Swain ,No,Fast delivery....we all knows that it is the bible of polity....perfect book for preparing UPSC examinationREAD MORE,2
5,Awesome,Anurudh Anu,No,goodREAD MORE,6
5,Highly recommended,Manish Kumar,No,Colorful and Update. Nice to read.Bought at Rs 654READ MORE,3
5,Brilliant,Jiddu Osho,No,Great...Latest edition...good printing...READ MORE,2
4,Good quality product,Flipkart Customer,No,Extraordinary BOOK Bible of indian PolityREAD MORE,1
5,Terrific,Sourav Mandal,No,One of the best books for political science students. Everything is written in a very simple language ant it's very easy to understand. Every topic is explained with a lot of detail and care. Must have book.READ MORE,1
